zip5,lat,lon,county_fips
60002,42.46714,-88.09434,17097
60004,42.11278,-87.97954,17031
60005,42.06447,-87.98669,17031
60007,42.02398,-87.99978,17031
60008,42.07041,-88.02225,17031
60010,42.14650,-88.16465,17031
60012,42.27262,-88.31157,17111
60013,42.22351,-88.23590,17111
60014,42.23028,-88.32965,17111
60015,42.17368,-87.87836,17097
60016,42.05272,-87.89206,17031
60018,41.97887,-87.89434,17031
60020,42.39486,-88.17413,17097
60021,42.19476,-88.21718,17111
60022,42.13614,-87.76047,17031
60025,42.07463,-87.81158,17031
60026,42.09220,-87.83791,17031
60029,42.05855,-87.78494,17031
60030,42.33564,-88.04678,17097
60031,42.37319,-87.93966,17097
60033,42.42343,-88.61047,17111
60034,42.45866,-88.42664,17111
60035,42.18597,-87.80594,17097
60040,42.20652,-87.81282,17097
60041,42.36958,-88.15350,17097
60042,42.27833,-88.19549,17097
60043,42.08882,-87.71450,17031
60044,42.28812,-87.86008,17097
60045,42.23600,-87.86478,17097
60046,42.41596,-88.06535,17097
60047,42.20156,-88.04630,17097
60048,42.29261,-87.94532,17097
60050,42.32961,-88.29324,17111
60051,42.35026,-88.22105,17111
60053,42.04224,-87.78893,17031
60056,42.06538,-87.93471,17031
60060,42.27014,-88.03932,17097
60061,42.23285,-87.95893,17097
60062,42.12628,-87.84509,17031
60064,42.32406,-87.86157,17097
60067,42.10813,-88.06433,17031
60068,42.01359,-87.84466,17031
60069,42.19615,-87.92346,17097
60070,42.10366,-87.92897,17031
60071,42.46845,-88.31581,17111
60072,42.40646,-88.30635,17111
60073,42.35446,-88.10242,17097
60074,42.13146,-88.02633,17031
60075,42.49258,-87.90866,17097
60076,42.03413,-87.72944,17031
60077,42.03615,-87.75633,17031
60081,42.44909,-88.22670,17111
60083,42.43684,-87.94995,17097
60084,42.26900,-88.13909,17097
60085,42.35493,-87.86076,17097
60087,42.40384,-87.85359,17097
60088,42.30963,-87.84406,17097
60089,42.16723,-87.96406,17097
60090,42.12588,-87.91195,17031
60091,42.07779,-87.72057,17031
60093,42.10407,-87.75393,17031
60096,42.48061,-87.82956,17097
60097,42.39697,-88.37244,17111
60098,42.32464,-88.45556,17111
60099,42.45999,-87.86502,17097
60101,41.93212,-88.01078,17043
60102,42.16313,-88.31079,17111
60103,41.97655,-88.20569,17043
60104,41.88256,-87.87644,17031
60106,41.96437,-87.94413,17043
60107,42.02059,-88.17777,17031
60108,41.95030,-88.09550,17043
60109,42.05449,-88.54091,17089
60110,42.11343,-88.29225,17089
60111,42.00986,-88.83554,17037
60112,41.92373,-88.69022,17037
60113,41.93131,-88.96413,17141
60115,41.90126,-88.76155,17037
60118,42.10626,-88.30438,17089
60119,41.85153,-88.47645,17089
60120,42.03257,-88.24044,17031
60123,42.04064,-88.31130,17089
60124,42.02017,-88.40069,17089
60126,41.89684,-87.94124,17043
60129,42.00816,-88.97500,17141
60130,41.86703,-87.81793,17031
60131,41.93778,-87.88303,17031
60133,41.97784,-88.14320,17043
60134,41.87834,-88.34207,17089
60135,42.11250,-88.67082,17037
60136,42.10519,-88.38042,17089
60137,41.86521,-88.06278,17043
60139,41.91888,-88.07810,17043
60140,42.07905,-88.51310,17089
60141,41.85834,-87.83791,17031
60142,42.17392,-88.44466,17111
60143,41.97397,-88.02108,17043
60144,41.83508,-88.51986,17089
60145,42.08457,-88.77382,17037
60146,42.09998,-88.87406,17037
60148,41.87626,-88.01875,17043
60150,41.91440,-88.89578,17037
60151,41.91801,-88.57711,17089
60152,42.23936,-88.62730,17111
60153,41.87982,-87.84387,17031
60154,41.84923,-87.88985,17031
60155,41.85778,-87.85632,17031
60156,42.20306,-88.32047,17111
60157,41.97530,-88.05621,17043
60160,41.90349,-87.86177,17031
60162,41.86755,-87.90195,17031
60163,41.88793,-87.90947,17031
60164,41.91669,-87.90118,17031
60165,41.90323,-87.88073,17031
60169,42.05087,-88.11661,17031
60171,41.92506,-87.83833,17031
60172,41.98025,-88.08892,17043
60173,42.05156,-88.05552,17031
60174,41.93061,-88.29868,17089
60175,41.94819,-88.38870,17089
60176,41.95832,-87.86965,17031
60177,41.98848,-88.31017,17089
60178,42.00816,-88.66073,17037
60180,42.22338,-88.52021,17111
60181,41.87690,-87.97633,17043
60183,41.94023,-88.40914,17089
60184,41.95150,-88.25317,17043
60185,41.89311,-88.21500,17043
60187,41.87272,-88.11244,17043
60188,41.91574,-88.12943,17043
60189,41.84065,-88.12206,17043
60190,41.87362,-88.15624,17043
60191,41.96484,-87.98111,17043
60192,42.06327,-88.20366,17031
60193,42.00937,-88.09673,17031
60194,42.03342,-88.11356,17031
60195,42.06537,-88.08659,17031
60201,42.05474,-87.69238,17031
60202,42.02932,-87.68539,17031
60203,42.04904,-87.71746,17031
60208,42.05355,-87.67026,17031
60301,41.88865,-87.79654,17031
60302,41.89477,-87.78982,17031
60304,41.87247,-87.78933,17031
60305,41.89487,-87.81906,17031
60401,41.34714,-87.61413,17197
60402,41.83288,-87.79006,17031
60403,41.56819,-88.11873,17197
60404,41.51345,-88.22415,17197
60406,41.65494,-87.68195,17031
60407,41.23491,-88.26130,17063
60408,41.26603,-88.21854,17197
60409,41.61364,-87.55212,17031
60410,41.42838,-88.21320,17197
60411,41.50731,-87.58970,17031
60415,41.70344,-87.77954,17031
60416,41.29391,-88.28310,17063
60417,41.42759,-87.58615,17197
60418,41.64560,-87.74008,17031
60419,41.62727,-87.59839,17031
60420,41.08765,-88.42089,17105
60421,41.41421,-88.08346,17197
60422,41.53861,-87.68440,17031
60423,41.47446,-87.84115,17197
60424,41.16415,-88.32772,17063
60425,41.54343,-87.61075,17031
60426,41.61025,-87.65304,17031
60428,41.59981,-87.69062,17031
60429,41.57403,-87.68371,17031
60430,41.55811,-87.66281,17031
60431,41.50999,-88.19036,17197
60432,41.54225,-88.03385,17197
60433,41.49660,-88.04234,17197
60435,41.54864,-88.12850,17197
60436,41.48967,-88.12381,17197
60437,41.15690,-88.55608,17063
60438,41.56624,-87.55020,17031
60439,41.67661,-87.97709,17031
60440,41.70060,-88.07501,17197
60441,41.59305,-88.05157,17197
60442,41.39184,-87.96062,17197
60443,41.50289,-87.74957,17031
60444,41.24312,-88.40273,17063
60445,41.62833,-87.73537,17031
60446,41.63326,-88.09931,17197
60447,41.48724,-88.32217,17093
60448,41.53778,-87.89256,17197
60449,41.41764,-87.77859,17197
60450,41.37002,-88.43426,17063
60451,41.50816,-87.96098,17197
60452,41.60898,-87.75416,17031
60453,41.71412,-87.75277,17031
60455,41.74098,-87.80677,17031
60456,41.73125,-87.73113,17031
60457,41.72379,-87.82962,17031
60458,41.75340,-87.82694,17031
60459,41.74439,-87.76860,17031
60460,40.99857,-88.53660,17105
60461,41.52140,-87.68688,17031
60462,41.62685,-87.84061,17031
60463,41.66245,-87.78997,17031
60464,41.66903,-87.86430,17031
60465,41.70068,-87.82530,17031
60466,41.47916,-87.68460,17031
60467,41.59774,-87.88650,17031
60468,41.33528,-87.81029,17197
60469,41.62870,-87.68631,17031
60470,41.16589,-88.63872,17099
60471,41.47936,-87.72921,17031
60472,41.64308,-87.70808,17031
60473,41.59735,-87.60133,17031
60474,41.18557,-88.27523,17063
60475,41.47198,-87.62825,17031
60476,41.56948,-87.60171,17031
60477,41.57361,-87.78671,17031
60478,41.55418,-87.73552,17031
60479,41.23238,-88.52640,17063
60480,41.72031,-87.88134,17031
60481,41.28553,-88.11056,17197
60482,41.68821,-87.79258,17031
60484,41.44302,-87.71048,17197
60487,41.56384,-87.83035,17031
60490,41.67620,-88.14059,17197
60491,41.60270,-87.96260,17197
60501,41.77925,-87.82338,17031
60502,41.78752,-88.26002,17043
60503,41.70773,-88.25768,17197
60504,41.74544,-88.24121,17043
60505,41.76546,-88.29614,17089
60506,41.75888,-88.37186,17089
60510,41.84304,-88.31105,17089
60511,41.75899,-88.55199,17089
60512,41.70137,-88.43989,17093
60513,41.82506,-87.84755,17031
60514,41.79576,-87.96154,17043
60515,41.81107,-88.02452,17043
60516,41.76130,-88.01339,17043
60517,41.73862,-88.04252,17043
60518,41.59884,-88.91974,17099
60519,41.77748,-88.24255,17043
60520,41.78727,-88.66755,17037
60521,41.80068,-87.92817,17043
60523,41.83640,-87.95317,17043
60525,41.78355,-87.86599,17031
60526,41.83140,-87.88380,17031
60527,41.74307,-87.92921,17043
60530,41.79708,-88.95238,17103
60531,41.61921,-88.78750,17099
60532,41.78944,-88.08398,17043
60534,41.81239,-87.82004,17031
60536,41.59854,-88.55206,17093
60537,41.56048,-88.60410,17099
60538,41.72750,-88.33694,17093
60539,41.82463,-88.33620,17089
60540,41.76458,-88.14417,17043
60541,41.51334,-88.53240,17093
60542,41.80870,-88.34841,17089
60543,41.66827,-88.32291,17093
60544,41.61391,-88.21868,17197
60545,41.68035,-88.53631,17093
60546,41.83792,-87.82186,17031
60548,41.64867,-88.63469,17037
60549,41.50254,-88.73964,17099
60550,41.78220,-88.88139,17037
60551,41.52532,-88.68766,17099
60552,41.66689,-88.70651,17037
60553,41.82625,-89.04006,17103
60554,41.77667,-88.45705,17089
60555,41.82329,-88.18863,17043
60556,41.76291,-88.77112,17037
60557,41.44584,-88.76799,17099
60558,41.80207,-87.90075,17031
60559,41.79437,-87.97286,17043
60560,41.60760,-88.43171,17093
60561,41.74566,-87.98149,17043
60563,41.79006,-88.20559,17043
60564,41.70623,-88.19510,17197
60565,41.72886,-88.12567,17043
60585,41.65706,-88.22524,17197
60586,41.57819,-88.23449,17197
60601,41.88515,-87.62151,17031
60602,41.88304,-87.62908,17031
60603,41.88026,-87.62740,17031
60604,41.87811,-87.62907,17031
60605,41.86757,-87.61723,17031
60606,41.88126,-87.63745,17031
60607,41.87481,-87.65454,17031
60608,41.84688,-87.67066,17031
60609,41.81268,-87.65694,17031
60610,41.90472,-87.63589,17031
60611,41.89474,-87.61507,17031
60612,41.88051,-87.68787,17031
60613,41.95615,-87.65299,17031
60614,41.92275,-87.64715,17031
60615,41.80326,-87.59793,17031
60616,41.84488,-87.62403,17031
60617,41.71442,-87.55576,17031
60618,41.94757,-87.70265,17031
60619,41.74344,-87.60532,17031
60620,41.74050,-87.65256,17031
60621,41.77623,-87.63953,17031
60622,41.90217,-87.68334,17031
60623,41.84710,-87.71761,17031
60624,41.88050,-87.72444,17031
60625,41.97308,-87.69975,17031
60626,42.00880,-87.66705,17031
60628,41.69148,-87.61859,17031
60629,41.77541,-87.71149,17031
60630,41.97207,-87.75657,17031
60631,41.99477,-87.81310,17031
60632,41.81017,-87.71325,17031
60633,41.66378,-87.56131,17031
60634,41.94619,-87.80612,17031
60636,41.77579,-87.66907,17031
60637,41.78250,-87.60273,17031
60638,41.78247,-87.77075,17031
60639,41.92060,-87.75594,17031
60640,41.97287,-87.66260,17031
60641,41.94672,-87.74689,17031
60642,41.90204,-87.65854,17031
60643,41.70027,-87.66327,17031
60644,41.88008,-87.75637,17031
60645,42.00860,-87.69458,17031
60646,41.99365,-87.76132,17031
60647,41.92104,-87.70197,17031
60649,41.75934,-87.55702,17031
60651,41.90201,-87.74102,17031
60652,41.74743,-87.71440,17031
60653,41.81997,-87.60596,17031
60654,41.89216,-87.63632,17031
60655,41.69477,-87.70376,17031
60656,41.97426,-87.82705,17031
60657,41.93941,-87.65070,17031
60659,41.98958,-87.70657,17031
60660,41.99111,-87.66308,17031
60661,41.88300,-87.64411,17031
60706,41.96388,-87.81679,17031
60707,41.92175,-87.80744,17031
60712,42.00543,-87.73296,17031
60714,42.02835,-87.81130,17031
60803,41.67406,-87.73622,17031
60804,41.84016,-87.75992,17031
60805,41.72200,-87.70245,17031
60827,41.64943,-87.63357,17031
60901,41.10944,-87.90282,17091
60910,41.06640,-87.79958,17091
60911,40.88024,-87.97658,17075
60912,40.97362,-87.60348,17075
60913,41.14835,-88.06204,17091
60914,41.18296,-87.86117,17091
60915,41.14633,-87.86071,17091
60917,41.04706,-88.19739,17091
60918,40.59497,-88.02566,17075
60919,40.98788,-88.23752,17053
60920,41.03021,-88.30379,17105
60921,40.73154,-88.29721,17105
60922,41.01093,-87.91929,17091
60924,40.56066,-87.88562,17075
60926,40.56939,-87.81208,17075
60927,40.93849,-87.97278,17075
60928,40.74569,-87.85077,17075
60929,40.87601,-88.29241,17105
60930,40.83174,-88.00627,17075
60931,40.88933,-87.58814,17075
60932,40.46510,-87.80012,17183
60933,40.46258,-88.27380,17053
60934,40.95709,-88.34510,17105
60935,41.17046,-88.17588,17091
60936,40.46469,-88.36306,17053
60938,40.77226,-87.98439,17075
60939,40.56700,-87.77709,17075
60940,41.24978,-87.64286,17091
60941,41.03866,-88.08587,17091
60942,40.46657,-87.66160,17183
60945,40.83512,-87.59670,17075
60946,40.91307,-88.20071,17053
60948,40.52356,-88.07735,17075
60949,40.37834,-88.10515,17019
60950,41.25285,-87.88359,17091
60951,40.91905,-87.74075,17075
60952,40.56280,-88.25037,17053
60953,40.62900,-87.69020,17075
60954,41.14771,-87.62252,17091
60955,40.70846,-87.98295,17075
60956,40.96769,-87.71625,17075
60957,40.44296,-88.13620,17053
60958,41.06520,-87.59160,17091
60959,40.78948,-88.18318,17053
60960,40.43896,-87.89072,17183
60961,41.10957,-88.22150,17091
60962,40.62614,-88.18714,17053
60963,40.36850,-87.65107,17183
60964,41.02782,-87.74226,17091
60966,40.75141,-87.58324,17075
60967,40.62409,-87.58133,17075
60968,40.67546,-88.11973,17075
60969,41.11097,-88.14971,17091
60970,40.79392,-87.74134,17075
60973,40.53654,-87.66263,17075
60974,40.71798,-87.73590,17075
61001,42.46582,-90.11023,17085
61006,41.86176,-89.20228,17103
61007,42.19942,-89.59107,17141
61008,42.24593,-88.83986,17007
61010,42.13455,-89.27265,17141
61011,42.39226,-88.89712,17007
61012,42.40145,-88.76456,17007
61013,42.37540,-89.63637,17177
61014,41.97500,-89.88649,17015
61015,41.99675,-89.19708,17141
61016,42.19730,-88.94773,17201
61018,42.41597,-89.55555,17177
61019,42.43917,-89.41016,17177
61020,42.11034,-89.09809,17141
61021,41.82960,-89.47728,17103
61024,42.43641,-89.29711,17201
61025,42.47138,-90.55597,17085
61027,42.33327,-89.75555,17177
61028,42.29847,-90.17588,17085
61030,42.11965,-89.59162,17141
61031,41.82996,-89.32127,17103
61032,42.31887,-89.63698,17177
61036,42.41369,-90.37581,17085
61037,41.78839,-89.75978,17195
61038,42.26582,-88.73796,17007
61039,42.20803,-89.46931,17177
61041,42.27316,-90.31124,17085
61042,41.69405,-89.55875,17103
61043,42.06675,-89.10495,17141
61044,42.32340,-89.90994,17177
61046,42.10444,-89.81279,17015
61047,42.15304,-89.39601,17141
61048,42.38263,-89.84118,17177
61049,42.04963,-89.00891,17141
61050,42.43933,-89.73190,17177
61051,41.98285,-89.76185,17015
61052,42.11145,-89.00010,17141
61053,42.12082,-89.98330,17015
61054,42.05574,-89.44546,17141
61057,41.83357,-89.38395,17103
61059,42.45465,-89.94082,17085
61060,42.47878,-89.61815,17177
61061,41.99792,-89.34166,17141
61062,42.25068,-89.83576,17177
61063,42.31946,-89.34071,17201
61064,41.98931,-89.58725,17141
61065,42.40059,-88.83695,17007
61067,42.30547,-89.47208,17177
61068,41.95003,-89.06559,17141
61070,42.41568,-89.47173,17177
61071,41.72469,-89.69889,17195
61072,42.44235,-89.13846,17201
61073,42.42375,-88.99389,17201
61074,42.12437,-90.12244,17015
61075,42.46545,-90.26438,17085
61077,42.24013,-89.34804,17201
61078,42.16728,-89.73060,17015
61079,42.45293,-89.21512,17201
61080,42.48091,-88.98383,17201
61081,41.85001,-89.73938,17195
61084,42.12359,-89.19007,17141
61085,42.34265,-90.03077,17085
61087,42.48050,-89.99349,17085
61088,42.26812,-89.26272,17201
61089,42.47354,-89.82336,17177
61091,41.90818,-89.55236,17141
61101,42.34608,-89.14609,17201
61102,42.22877,-89.16252,17201
61103,42.34020,-89.08664,17201
61104,42.25172,-89.07994,17201
61107,42.28546,-89.00165,17201
61108,42.25516,-89.00231,17201
61109,42.19130,-89.05576,17201
61111,42.33550,-89.00275,17201
61112,42.24197,-88.97522,17201
61114,42.30660,-88.99089,17201
61115,42.36259,-89.02416,17201
61201,41.47756,-90.57563,17161
61230,41.73407,-90.21292,17195
61231,41.21070,-90.71777,17131
61232,41.43168,-90.72739,17161
61233,41.29468,-90.29132,17073
61234,41.41797,-89.91434,17073
61235,41.40129,-90.02357,17073
61236,41.51443,-90.35558,17161
61237,41.34177,-90.86218,17161
61238,41.28227,-90.17242,17073
61239,41.49477,-90.38971,17161
61240,41.42329,-90.43697,17161
61241,41.48733,-90.32036,17073
61242,41.70801,-90.28515,17161
61243,41.61847,-89.67841,17195
61244,41.52256,-90.39082,17161
61250,41.65592,-90.11235,17195
61251,41.72909,-90.07290,17195
61252,41.83685,-90.12531,17195
61254,41.46723,-90.14963,17073
61256,41.56108,-90.40059,17161
61257,41.59336,-90.22185,17161
61258,41.52185,-89.91397,17073
61259,41.38559,-90.92448,17161
61260,41.23795,-90.88736,17131
61261,41.73602,-89.91003,17195
61262,41.27607,-90.34829,17073
61263,41.26624,-90.59602,17131
61264,41.40280,-90.59586,17161
61265,41.48070,-90.48717,17161
61270,41.82660,-89.96345,17195
61272,41.25109,-91.01140,17131
61273,41.36424,-90.39909,17073
61274,41.37031,-90.27663,17073
61275,41.60558,-90.30705,17161
61276,41.31660,-90.57630,17131
61277,41.61358,-89.93058,17195
61278,41.57933,-90.33416,17161
61279,41.32573,-90.72861,17131
61281,41.29978,-90.52014,17131
61282,41.49672,-90.41169,17161
61283,41.59091,-89.78856,17195
61284,41.39510,-90.75003,17161
61285,41.99390,-90.08230,17015
61301,41.39742,-89.08426,17099
61310,41.70242,-89.35451,17103
61311,41.04015,-88.86220,17105
61312,41.43404,-89.22540,17011
61313,41.07237,-88.66996,17105
61314,41.30026,-89.67658,17011
61315,41.28533,-89.36659,17011
61316,41.25779,-89.12767,17099
61317,41.43196,-89.20818,17011
61318,41.71128,-89.07827,17103
61319,41.01537,-88.73991,17105
61320,41.35529,-89.17044,17011
61321,40.96759,-88.97621,17099
61322,41.31227,-89.30705,17011
61323,41.43548,-89.39606,17011
61324,41.76993,-89.41360,17103
61325,41.23495,-88.80963,17099
61326,41.24625,-89.22971,17155
61327,41.23047,-89.29915,17155
61328,41.50928,-89.45899,17011
61329,41.37705,-89.20785,17011
61330,41.53510,-89.27731,17011
61331,41.74770,-89.27754,17103
61332,41.18882,-88.98455,17099
61333,40.98845,-88.88929,17105
61334,41.14731,-89.09934,17099
61335,41.15924,-89.23392,17155
61336,41.11148,-89.21227,17155
61337,41.45055,-89.29779,17011
61338,41.47014,-89.66514,17011
61340,41.26402,-89.25128,17155
61341,41.35216,-88.69320,17099
61342,41.54368,-89.08409,17099
61344,41.41237,-89.83440,17011
61345,41.27609,-89.78537,17011
61346,41.50667,-89.71995,17011
61348,41.28572,-89.03520,17099
61349,41.54868,-89.43707,17011
61350,41.37210,-88.86513,17099
61353,41.70432,-88.99105,17103
61354,41.33416,-89.14225,17099
61356,41.38930,-89.43986,17011
61358,40.98167,-89.04299,17099
61359,41.36245,-89.27146,17011
61360,41.33259,-88.60030,17099
61361,41.41228,-89.77378,17011
61362,41.35143,-89.22374,17011
61363,41.25425,-89.18248,17155
61364,41.12848,-88.84990,17099
61367,41.62141,-89.25949,17103
61368,41.26213,-89.51749,17011
61369,40.98269,-89.15399,17123
61370,41.21073,-89.03881,17099
61371,41.49932,-89.01986,17099
61372,41.46582,-89.08240,17099
61373,41.40723,-88.99594,17099
61374,41.54730,-89.35759,17011
61375,41.03517,-89.24343,17123
61376,41.53840,-89.60180,17011
61377,41.06540,-89.04209,17099
61378,41.72267,-89.15540,17103
61379,41.38025,-89.60630,17011
61401,40.94518,-90.38657,17095
61402,40.93990,-90.40635,17095
61410,40.79488,-90.42248,17095
61411,40.40098,-90.50213,17109
61412,41.07840,-90.57971,17131
61413,41.18658,-90.37040,17073
61414,41.12593,-90.15491,17095
61415,40.64998,-90.41876,17057
61416,40.49592,-90.56307,17109
61417,40.77223,-90.54413,17187
61418,40.84717,-90.86922,17071
61419,41.19981,-90.11752,17073
61420,40.54879,-90.86726,17109
61421,41.18753,-89.64791,17175
61422,40.55141,-90.53291,17109
61423,40.88548,-90.50232,17187
61424,41.07663,-89.63509,17123
61425,40.75925,-91.04014,17071
61426,41.11964,-89.70601,17175
61427,40.49762,-90.19450,17057
61428,40.93333,-90.11356,17095
61430,40.94380,-90.31198,17095
61431,40.60002,-90.28854,17057
61432,40.64838,-90.15317,17057
61433,40.55438,-90.16899,17057
61434,41.17271,-90.03619,17073
61435,40.99561,-90.56864,17187
61436,40.86015,-90.22318,17095
61437,40.84698,-90.99211,17071
61438,40.58540,-90.64945,17109
61439,41.02920,-90.35021,17095
61440,40.31610,-90.59276,17109
61441,40.33019,-90.28171,17057
61442,41.10327,-90.92397,17131
61443,41.26369,-89.94492,17073
61447,40.87030,-90.76338,17187
61448,40.93382,-90.24376,17095
61449,41.09504,-89.97513,17175
61450,40.57173,-90.98426,17067
61451,40.93870,-89.93948,17143
61452,40.23836,-90.66022,17169
61453,41.01348,-90.76321,17187
61454,40.68193,-91.03989,17071
61455,40.44044,-90.63794,17109
61458,40.78221,-90.18316,17095
61459,40.51024,-90.41956,17057
61460,40.72162,-90.82773,17071
61462,40.90989,-90.65168,17187
61465,41.21067,-90.47967,17131
61466,41.11102,-90.48221,17131
61467,41.06943,-90.24239,17095
61468,41.25650,-90.38743,17073
61469,40.95598,-90.90823,17071
61470,40.60618,-90.50619,17109
61471,40.69578,-90.82506,17071
61472,41.10326,-90.38344,17095
61473,40.70914,-90.64974,17187
61474,40.74212,-90.39409,17095
61475,40.59689,-90.75270,17109
61476,41.08980,-90.82903,17131
61477,40.49599,-90.31055,17057
61478,40.75632,-90.76038,17187
61479,41.00192,-89.63939,17123
61480,40.72740,-90.91334,17071
61482,40.38985,-90.40394,17057
61483,41.08123,-89.87328,17175
61484,40.29767,-90.44322,17057
61485,41.02235,-90.07060,17095
61486,41.19479,-90.57644,17131
61488,41.03003,-90.32077,17095
61489,40.93076,-90.03309,17095
61490,41.18553,-90.25871,17073
61491,41.05383,-89.72078,17175
61501,40.22837,-90.31191,17057
61516,40.85555,-89.13197,17203
61517,40.81896,-89.84691,17143
61519,40.46464,-90.09308,17057
61520,40.54356,-90.02484,17057
61523,40.91195,-89.53776,17143
61524,40.49124,-90.03465,17057
61525,40.84775,-89.67047,17143
61526,40.92290,-89.61996,17143
61528,40.77690,-89.71827,17143
61529,40.78202,-89.93761,17143
61530,40.70869,-89.26495,17203
61531,40.68250,-90.03679,17057
61532,40.34849,-89.80691,17125
61533,40.58637,-89.84250,17143
61534,40.41496,-89.66466,17179
61535,40.57886,-89.51651,17179
61536,40.69082,-89.79006,17143
61537,41.11917,-89.47144,17123
61539,40.55636,-89.76284,17143
61540,41.01460,-89.36660,17123
61541,40.98038,-89.23495,17123
61542,40.37670,-90.13166,17057
61543,40.41786,-89.97754,17057
61544,40.70074,-90.23407,17057
61545,40.86837,-89.35250,17203
61546,40.44834,-89.80959,17179
61547,40.57001,-89.72185,17143
61548,40.81406,-89.42005,17203
61550,40.61142,-89.43638,17179
61552,40.82142,-89.56489,17143
61553,40.62139,-90.02681,17057
61554,40.54362,-89.62062,17179
61559,40.91902,-89.77921,17143
61560,41.18726,-89.41979,17155
61561,40.80558,-89.20692,17203
61562,40.88099,-89.50145,17143
61563,40.49317,-90.05113,17057
61564,40.49851,-89.65622,17179
61565,41.03871,-89.50504,17123
61567,40.37318,-89.90105,17125
61568,40.51024,-89.48137,17179
61569,40.68323,-89.90062,17143
61570,40.91418,-89.32338,17203
61571,40.70451,-89.42463,17179
61572,40.79719,-90.03972,17095
61602,40.67921,-89.60557,17143
61603,40.70984,-89.57546,17143
61604,40.70525,-89.65292,17143
61605,40.67653,-89.63313,17143
61606,40.70007,-89.61187,17143
61607,40.62713,-89.68513,17143
61610,40.64212,-89.59956,17179
61611,40.71333,-89.53574,17179
61614,40.75914,-89.60412,17143
61615,40.74893,-89.67227,17143
61616,40.74673,-89.57164,17143
61625,40.69770,-89.61457,17143
61701,40.47586,-88.99267,17113
61704,40.47005,-88.94152,17113
61705,40.52313,-89.07201,17113
61720,40.55030,-88.50212,17113
61721,40.35078,-89.32350,17179
61722,40.42343,-88.62632,17113
61723,40.26466,-89.27654,17107
61724,40.33379,-88.52520,17113
61725,40.61650,-89.12168,17203
61726,40.73340,-88.70773,17113
61727,40.14675,-88.95319,17039
61728,40.58062,-88.62226,17113
61729,40.62866,-89.22129,17203
61730,40.53262,-88.73440,17113
61731,40.61258,-88.48389,17113
61732,40.52964,-89.20806,17113
61733,40.62363,-89.33019,17179
61734,40.37644,-89.52622,17179
61735,40.20514,-88.80563,17039
61736,40.40228,-88.84037,17113
61737,40.45572,-88.73322,17113
61738,40.74510,-89.03005,17203
61739,40.72783,-88.52135,17105
61740,40.89193,-88.86276,17105
61741,40.76256,-88.39672,17105
61742,40.63461,-89.27252,17203
61743,40.87805,-88.78143,17105
61744,40.74378,-88.88121,17113
61745,40.32062,-88.96743,17113
61747,40.41612,-89.43526,17179
61748,40.62240,-88.99678,17113
61749,40.09285,-89.11622,17039
61750,40.12250,-88.85567,17039
61751,40.21456,-89.29925,17107
61752,40.33706,-88.76166,17113
61753,40.62974,-88.78797,17113
61754,40.32814,-89.16137,17113
61755,40.52609,-89.34176,17179
61756,40.03312,-88.96369,17115
61759,40.43732,-89.33605,17179
61760,40.88589,-89.03212,17203
61761,40.52803,-88.94763,17113
61764,40.88330,-88.62591,17105
61769,40.88549,-88.39945,17105
61770,40.43952,-88.51077,17113
61771,40.71311,-89.14798,17203
61772,40.38598,-89.06358,17113
61773,40.56643,-88.37368,17053
61774,40.43300,-89.19553,17113
61775,40.65370,-88.37596,17105
61776,40.57211,-88.87014,17113
61777,40.24406,-88.94566,17039
61778,40.22577,-89.09105,17039
61801,40.10952,-88.21103,17019
61802,40.12355,-88.15325,17019
61810,39.91013,-87.91841,17183
61811,40.29533,-87.62166,17183
61812,40.20978,-87.92666,17183
61813,39.91078,-88.56569,17147
61814,40.23192,-87.57019,17183
61815,40.11073,-88.36795,17019
61816,39.92445,-88.00397,17019
61817,40.03527,-87.71628,17183
61818,39.88670,-88.71647,17147
61820,40.11212,-88.24432,17019
61821,40.11110,-88.27553,17019
61822,40.13368,-88.30292,17019
61830,40.01106,-88.73034,17147
61831,40.22620,-87.79702,17183
61832,40.13236,-87.63207,17183
61833,40.09920,-87.64723,17183
61834,40.15255,-87.67330,17183
61839,40.13185,-88.63694,17147
61840,40.29887,-88.30026,17019
61841,40.03415,-87.81794,17183
61842,40.23877,-88.66522,17039
61843,40.31724,-88.37390,17019
61844,40.14297,-87.86921,17183
61845,40.37362,-88.39681,17019
61846,39.97725,-87.60754,17183
61847,40.30559,-88.00982,17019
61848,40.30694,-87.70096,17183
61849,40.01423,-87.96737,17019
61850,39.93009,-87.74345,17183
61851,39.96504,-88.43546,17019
61852,39.89950,-88.07275,17019
61853,40.22986,-88.42100,17019
61854,40.19987,-88.52933,17147
61855,39.92437,-88.66055,17147
61856,40.02931,-88.58366,17147
61857,40.11862,-87.84341,17183
61858,40.13426,-87.76188,17183
61859,40.15043,-87.96291,17019
61862,40.30603,-87.95861,17019
61863,39.90489,-88.28190,17019
61864,39.97506,-88.15272,17019
61865,40.30271,-87.80205,17183
61866,40.31162,-88.15798,17019
61870,39.90322,-87.61562,17183
61871,40.19117,-87.97922,17019
61872,39.93044,-88.37696,17019
61873,40.13390,-88.03912,17019
61874,40.05426,-88.26656,17019
61875,40.10347,-88.41625,17019
61876,39.90133,-87.83617,17183
61877,39.99289,-88.07590,17019
61878,40.24265,-88.14545,17019
61880,39.97380,-88.24891,17019
61882,40.10623,-88.75473,17039
61883,40.03494,-87.63992,17183
61884,40.09061,-88.49107,17147
61910,39.67115,-88.29711,17041
61911,39.70092,-88.46932,17139
61912,39.52238,-88.04084,17029
61913,39.82657,-88.47156,17147
61914,39.63034,-88.76245,17139
61917,39.71743,-87.89409,17045
61919,39.78444,-88.13777,17041
61920,39.51199,-88.15417,17029
61924,39.78618,-87.66325,17045
61925,39.71910,-88.84053,17115
61928,39.45596,-88.49820,17139
61929,39.82479,-88.62580,17147
61930,39.67933,-88.12900,17041
61931,39.58614,-88.36805,17029
61932,39.79967,-87.87491,17045
61933,39.54847,-87.89631,17045
61936,39.80319,-88.72684,17147
61937,39.73383,-88.65731,17139
61938,39.47993,-88.37585,17029
61940,39.80394,-87.81248,17045
61941,39.80458,-88.07504,17041
61942,39.81441,-88.00320,17041
61943,39.66152,-88.02374,17029
61944,39.59980,-87.70207,17045
61949,39.65757,-87.85841,17045
61951,39.59582,-88.59038,17139
61953,39.79765,-88.29063,17041
61955,39.58163,-87.58750,17045
61956,39.85819,-88.13501,17041
61957,39.44180,-88.61156,17173
62001,38.88143,-89.74501,17119
62002,38.93923,-90.13495,17119
62006,39.06432,-90.67899,17013
62009,39.09358,-89.79813,17117
62010,38.91908,-90.04833,17119
62011,39.12867,-89.21756,17051
62012,39.04476,-90.14825,17083
62013,38.95637,-90.57358,17013
62014,39.04337,-89.95036,17117
62015,39.21227,-89.54422,17135
62016,39.29683,-90.41552,17061
62017,39.06511,-89.36861,17135
62018,38.91388,-90.08186,17119
62019,39.01867,-89.44146,17005
62021,38.98365,-89.97656,17119
62022,39.00316,-90.32618,17083
62023,39.10870,-89.77903,17117
62024,38.88313,-90.08995,17119
62025,38.82991,-89.93105,17119
62026,38.78621,-90.00386,17119
62027,39.24339,-90.55741,17061
62028,38.95819,-90.35483,17083
62030,39.15461,-90.16446,17083
62031,39.11150,-90.53693,17083
62032,39.11581,-89.28831,17135
62033,39.13656,-89.83992,17117
62034,38.75487,-89.97222,17119
62035,38.95866,-90.24271,17119
62036,38.91831,-90.58974,17013
62037,39.01094,-90.46507,17083
62040,38.71493,-90.09893,17119
62044,39.36579,-90.20203,17061
62045,39.26419,-90.69014,17013
62046,38.89246,-89.83873,17119
62047,39.12313,-90.62657,17013
62048,38.77285,-90.13716,17119
62049,39.14104,-89.47951,17135
62050,39.44224,-90.57331,17061
62051,39.20165,-89.40327,17135
62052,39.11283,-90.31953,17083
62053,39.31925,-90.66542,17013
62054,39.20747,-90.35063,17061
62056,39.17560,-89.67436,17135
62058,38.96844,-89.76461,17119
62059,38.65313,-90.17335,17163
62060,38.68180,-90.14242,17119
62061,38.79068,-89.77638,17119
62062,38.72566,-89.96313,17119
62063,39.19852,-90.14986,17083
62067,38.92902,-89.98329,17119
62069,39.08911,-89.73930,17117
62074,38.95500,-89.68974,17119
62075,39.30209,-89.29584,17135
62076,39.34188,-89.23379,17135
62077,39.03182,-89.51154,17135
62078,39.47985,-90.48684,17061
62079,39.10839,-90.13182,17117
62080,39.14192,-89.10310,17051
62081,39.26493,-90.22500,17061
62082,39.48999,-90.31751,17061
62083,39.35119,-89.19841,17021
62084,38.84070,-90.06342,17119
62085,39.08190,-89.80450,17117
62086,38.98993,-89.58961,17005
62087,38.81481,-90.07103,17119
62088,39.01468,-89.79853,17117
62089,39.11783,-89.48665,17135
62090,38.66710,-90.16652,17119
62091,39.05625,-89.61057,17135
62092,39.41857,-90.43123,17061
62093,39.06475,-89.84199,17117
62094,39.23864,-89.34983,17135
62095,38.86257,-90.07430,17119
62097,38.93668,-89.85269,17119
62098,39.38376,-90.29943,17061
62201,38.63513,-90.14071,17163
62203,38.60169,-90.07597,17163
62204,38.62949,-90.09592,17163
62205,38.60277,-90.11856,17163
62206,38.56793,-90.16933,17163
62207,38.58289,-90.12542,17163
62208,38.59534,-90.00473,17163
62214,38.37636,-89.60369,17189
62215,38.50785,-89.60079,17027
62216,38.63246,-89.60236,17027
62217,38.17384,-89.83857,17157
62218,38.52219,-89.47398,17027
62219,38.60361,-89.43717,17027
62220,38.47828,-89.99803,17163
62221,38.51171,-89.90242,17163
62223,38.53592,-90.05948,17163
62225,38.54297,-89.85213,17163
62226,38.53676,-90.00034,17163
62230,38.63500,-89.53100,17027
62231,38.65311,-89.32685,17027
62232,38.63244,-90.00545,17163
62233,37.94225,-89.78855,17157
62234,38.68218,-89.98062,17119
62236,38.43390,-90.21194,17133
62237,38.19783,-89.56929,17145
62238,38.05260,-89.54379,17145
62239,38.52461,-90.15669,17163
62240,38.50186,-90.17656,17163
62241,38.01118,-89.89388,17157
62242,38.09895,-89.93773,17157
62243,38.41905,-89.88940,17163
62244,38.19569,-90.19877,17133
62245,38.53104,-89.57516,17027
62246,38.89037,-89.42758,17005
62248,38.30589,-89.99286,17133
62249,38.75533,-89.66732,17119
62250,38.54049,-89.26434,17027
62253,38.77773,-89.30008,17005
62254,38.60937,-89.82287,17163
62255,38.31320,-89.78312,17163
62256,38.22638,-90.23149,17133
62257,38.28487,-89.72871,17163
62258,38.46090,-89.78208,17163
62260,38.46093,-90.09863,17163
62261,38.00675,-89.99727,17157
62262,38.93941,-89.26384,17005
62263,38.31899,-89.40116,17189
62264,38.31588,-89.89995,17163
62265,38.50615,-89.68073,17027
62266,38.48480,-89.65730,17027
62268,38.27629,-89.53957,17189
62269,38.60001,-89.91540,17163
62271,38.44011,-89.52046,17189
62272,37.99623,-89.61643,17157
62273,38.78684,-89.58377,17005
62274,38.09116,-89.40027,17145
62275,38.81456,-89.54707,17005
62277,38.09697,-90.11220,17157
62278,38.20377,-89.99130,17133
62279,38.13384,-90.13580,17133
62280,37.84662,-89.64801,17077
62281,38.70688,-89.77935,17119
62282,38.35643,-89.71286,17163
62284,38.86414,-89.31044,17005
62285,38.39228,-90.00839,17163
62286,38.11696,-89.71765,17157
62288,37.99337,-89.68961,17157
62289,38.59764,-89.75128,17163
62292,38.21315,-89.68196,17157
62293,38.61600,-89.69548,17027
62294,38.70256,-89.86748,17119
62295,38.27188,-90.31076,17133
62297,38.05212,-89.80633,17157
62298,38.30884,-90.14941,17133
62301,39.93115,-91.38871,17001
62305,39.92819,-91.34393,17001
62311,40.22258,-90.93523,17067
62312,39.70728,-91.02420,17149
62313,40.31773,-91.22829,17067
62314,39.76799,-90.89170,17149
62316,40.23547,-91.05303,17067
62319,40.15292,-90.73001,17169
62320,40.03045,-91.08294,17001
62321,40.40972,-91.09543,17067
62323,39.80042,-90.67445,17149
62324,39.99828,-90.96633,17001
62325,40.04562,-91.16205,17001
62326,40.42279,-90.81356,17109
62330,40.57144,-91.12578,17067
62334,40.39560,-91.24879,17067
62336,40.46755,-91.17334,17067
62338,39.99869,-91.23720,17001
62339,40.12850,-91.03810,17001
62340,39.73472,-90.72824,17149
62341,40.43343,-91.30094,17067
62343,39.69660,-91.24501,17149
62344,40.17989,-90.82497,17169
62345,39.69730,-91.11256,17149
62346,40.13985,-90.93640,17001
62347,39.87009,-91.08895,17001
62348,40.18834,-91.37124,17001
62349,40.17055,-91.19186,17001
62351,40.11361,-91.26887,17001
62352,39.56816,-90.65456,17149
62353,39.97303,-90.75755,17009
62354,40.51740,-91.34209,17067
62355,39.41243,-90.77872,17149
62356,39.58887,-91.07967,17149
62357,39.68582,-90.86707,17149
62358,40.58780,-91.26316,17067
62359,40.03737,-91.21208,17001
62360,39.81732,-91.26141,17001
62361,39.49212,-90.62152,17149
62362,39.77619,-90.76432,17149
62363,39.59050,-90.76967,17149
62365,39.79641,-91.16511,17001
62366,39.47209,-90.90182,17149
62367,40.29989,-90.86516,17067
62370,39.51729,-91.00723,17149
62373,40.24275,-91.36495,17067
62374,40.40768,-90.91054,17067
62375,40.00213,-90.85728,17009
62376,40.11363,-91.40774,17001
62378,39.90586,-90.63478,17009
62379,40.26927,-91.40337,17067
62380,40.23823,-91.19090,17067
62401,39.11872,-88.56238,17049
62410,38.53880,-87.73321,17185
62411,39.07126,-88.73364,17049
62413,39.13882,-87.83784,17033
62414,39.17445,-88.82637,17051
62417,38.70335,-87.76569,17101
62418,39.02227,-88.97376,17051
62419,38.62653,-87.98011,17159
62420,39.28703,-87.99855,17023
62421,38.75214,-87.94345,17159
62422,39.23328,-88.88859,17173
62423,39.46269,-87.57989,17023
62424,38.98826,-88.42859,17049
62425,38.83683,-88.09869,17159
62426,38.89233,-88.66401,17025
62427,38.87313,-87.64986,17033
62428,39.26265,-88.13671,17035
62431,39.22529,-88.99654,17173
62432,39.13352,-88.14176,17079
62433,39.10674,-87.71576,17033
62434,38.84205,-88.32179,17025
62436,39.18245,-88.25609,17035
62438,39.32554,-88.87006,17173
62439,38.74406,-87.63970,17101
62440,39.39431,-88.26325,17029
62441,39.39412,-87.69870,17023
62442,39.30395,-87.85381,17023
62443,38.95576,-88.63111,17049
62444,39.27852,-88.73472,17173
62445,39.16528,-88.33017,17079
62446,38.48991,-88.20671,17191
62447,39.31323,-88.44472,17035
62448,38.96836,-88.17918,17079
62449,39.00412,-87.91063,17033
62450,38.71317,-88.08929,17159
62451,38.97121,-87.61111,17033
62452,38.59006,-88.01470,17159
62454,38.99235,-87.76498,17033
62458,39.02581,-88.85451,17051
62459,38.92998,-88.02778,17079
62460,38.60169,-87.72721,17101
62461,39.19417,-88.68435,17049
62462,39.23877,-88.46851,17173
62463,39.28064,-88.59123,17173
62464,38.99796,-87.82379,17033
62465,39.34613,-88.63827,17173
62466,38.72841,-87.85263,17101
62467,39.12808,-88.43540,17049
62468,39.27695,-88.27031,17035
62469,39.35124,-88.33383,17035
62471,38.95893,-89.13020,17051
62473,39.02148,-88.56790,17049
62474,39.45692,-88.03586,17023
62475,38.88192,-88.04861,17079
62476,38.53220,-88.01545,17047
62477,39.23355,-87.64344,17023
62478,39.17997,-87.74362,17023
62479,39.03704,-88.30690,17079
62480,38.99739,-87.99957,17079
62481,39.12660,-88.02295,17079
62501,39.92656,-88.81453,17115
62510,39.53066,-89.02892,17021
62512,40.14347,-89.21060,17107
62513,39.72128,-89.15027,17021
62514,39.76750,-89.04501,17115
62515,39.86018,-89.36588,17167
62517,39.59421,-89.43325,17021
62518,40.05140,-89.20301,17107
62519,39.92880,-89.39531,17107
62520,39.82455,-89.45634,17167
62521,39.81017,-88.92778,17115
62522,39.82758,-89.04780,17115
62523,39.84372,-88.95294,17115
62526,39.90156,-88.98947,17115
62530,39.56014,-89.65658,17167
62531,39.67438,-89.37756,17021
62532,39.77621,-88.97760,17115
62533,39.44586,-89.62982,17135
62534,39.52968,-88.80059,17173
62535,39.92553,-88.96601,17115
62536,39.62902,-89.65226,17167
62537,39.85261,-89.09325,17115
62538,39.35631,-89.52047,17135
62539,39.86680,-89.24916,17167
62540,39.58487,-89.41985,17021
62541,39.95656,-89.37087,17107
62543,39.97082,-89.15183,17107
62544,39.70855,-88.97374,17115
62545,39.76775,-89.38497,17167
62546,39.43145,-89.44592,17021
62547,39.77048,-89.24225,17021
62548,39.98125,-89.28354,17107
62549,39.77103,-88.86715,17115
62550,39.61788,-88.98963,17173
62551,39.85415,-89.15588,17115
62553,39.27182,-89.10510,17173
62554,39.94448,-88.88227,17115
62555,39.46298,-89.21047,17021
62556,39.47497,-89.37521,17021
62557,39.40177,-89.10590,17021
62558,39.58671,-89.54985,17167
62560,39.29863,-89.60282,17135
62561,39.87112,-89.50673,17167
62563,39.71926,-89.49625,17167
62565,39.41678,-88.80385,17173
62567,39.64667,-89.19080,17021
62568,39.55973,-89.28703,17021
62570,39.57856,-89.45172,17021
62571,39.38101,-88.96022,17173
62572,39.35908,-89.69777,17135
62573,39.94552,-89.07265,17115
62601,39.75025,-90.03903,17137
62610,39.53888,-90.44623,17171
62611,39.88412,-90.39818,17017
62612,39.89605,-90.06316,17017
62613,39.98262,-89.66522,17129
62615,39.58568,-89.75407,17167
62617,40.15682,-90.16989,17125
62618,40.00841,-90.39711,17017
62621,39.72672,-90.52058,17171
62622,39.97786,-90.34305,17017
62624,40.15929,-90.34678,17169
62625,39.90120,-89.70177,17167
62626,39.28461,-89.88361,17117
62627,40.05913,-90.11108,17017
62628,39.77940,-90.40201,17137
62629,39.67748,-89.71692,17167
62630,39.27113,-90.08635,17117
62631,39.82742,-90.35420,17137
62633,40.22354,-89.87079,17125
62634,40.01378,-89.45156,17107
62635,40.29654,-89.46573,17107
62638,39.60930,-90.08124,17137
62639,40.03767,-90.48601,17169
62640,39.42827,-89.80498,17117
62642,40.09360,-89.72485,17129
62643,40.24153,-89.45777,17107
62644,40.28542,-90.06190,17125
62649,39.35755,-90.06004,17117
62650,39.73830,-90.22014,17137
62655,40.16993,-89.98654,17125
62656,40.13968,-89.36619,17107
62661,39.66800,-89.82697,17167
62663,39.54106,-90.32747,17171
62664,40.21256,-89.72414,17125
62665,39.81695,-90.52956,17137
62666,40.08244,-89.53960,17107
62667,39.48777,-89.99230,17117
62668,39.56593,-90.24029,17137
62670,39.74348,-89.89858,17167
62671,40.17225,-89.54912,17107
62672,39.39801,-89.80446,17117
62673,40.09710,-89.96880,17129
62674,39.44112,-90.02331,17117
62675,40.02648,-89.86714,17129
62677,39.85267,-89.87939,17167
62681,40.13624,-90.54275,17169
62682,40.29872,-89.63097,17125
62684,39.90914,-89.58676,17167
62685,39.13990,-89.99184,17117
62688,39.94499,-89.92413,17129
62689,39.53404,-89.76572,17167
62690,39.50564,-89.76616,17117
62691,39.95849,-90.22882,17017
62692,39.58355,-89.93916,17137
62693,39.95805,-89.51617,17167
62694,39.62278,-90.47712,17171
62695,39.61937,-90.22420,17137
62701,39.80054,-89.64889,17167
62702,39.82422,-89.64273,17167
62703,39.76304,-89.63110,17167
62704,39.77350,-89.68384,17167
62706,39.79789,-89.65540,17167
62707,39.85557,-89.65008,17167
62711,39.76614,-89.73276,17167
62712,39.74806,-89.58128,17167
62801,38.51103,-89.14050,17121
62803,38.45334,-89.29497,17189
62806,38.38736,-88.08697,17047
62807,38.75156,-88.92923,17121
62808,38.30618,-89.18870,17189
62809,38.27896,-88.33781,17191
62810,38.20590,-88.74306,17081
62811,38.38736,-87.90360,17185
62812,38.00643,-88.92252,17055
62814,38.37840,-88.73192,17081
62815,38.45835,-87.96644,17047
62816,38.18979,-88.92297,17081
62817,37.95447,-88.47611,17065
62818,38.37768,-87.96752,17047
62819,37.97447,-89.00477,17055
62820,38.24863,-88.23536,17193
62821,38.07102,-88.12967,17193
62822,37.97397,-89.05410,17055
62823,38.51771,-88.43732,17191
62824,38.66946,-88.34168,17025
62825,37.99815,-89.05902,17055
62827,38.17066,-88.04770,17193
62828,38.19453,-88.60158,17065
62829,38.00334,-88.49096,17065
62830,38.44341,-88.96763,17081
62831,38.23495,-89.22273,17189
62832,38.00859,-89.25276,17145
62833,38.34023,-88.16765,17191
62835,38.10605,-88.32167,17193
62836,38.09457,-88.80545,17055
62837,38.36518,-88.35772,17191
62838,38.86424,-88.74546,17051
62839,38.66079,-88.49381,17025
62841,37.85869,-88.99644,17199
62842,38.46792,-88.38947,17191
62843,38.38221,-88.19906,17191
62844,38.25144,-88.04853,17193
62846,38.15088,-88.85506,17081
62848,38.43404,-89.16639,17189
62849,38.58494,-88.77370,17121
62850,38.49473,-88.59482,17191
62851,38.42755,-88.65995,17191
62852,38.34994,-87.86676,17185
62853,38.51609,-88.91217,17121
62854,38.76451,-88.82400,17121
62856,37.95227,-88.83839,17055
62858,38.81181,-88.49295,17025
62859,38.06600,-88.53967,17065
62860,38.04137,-88.73193,17055
62861,38.03518,-88.04528,17193
62862,38.21911,-88.29934,17193
62863,38.41585,-87.85988,17185
62864,38.33051,-88.90237,17081
62865,37.97494,-89.08250,17055
62867,37.91224,-88.09893,17193
62868,38.67771,-88.22813,17159
62869,37.95660,-88.27777,17193
62870,38.63515,-89.05306,17121
62871,37.88206,-88.26924,17059
62872,38.27159,-88.80067,17081
62874,37.91755,-88.97833,17055
62875,38.75545,-89.12117,17121
62876,38.27711,-89.19483,17189
62877,38.39247,-89.19963,17189
62878,38.57504,-88.49660,17191
62879,38.76502,-88.35903,17025
62880,38.86752,-88.88594,17051
62881,38.63855,-88.92726,17121
62882,38.63625,-89.11865,17121
62883,38.16804,-89.10468,17081
62884,38.08529,-89.04235,17055
62885,38.86048,-89.06458,17051
62886,38.37866,-88.53471,17191
62887,38.18633,-88.36903,17193
62888,38.12746,-89.22898,17145
62889,38.45654,-88.82360,17081
62890,37.90620,-88.73797,17055
62891,38.01600,-89.04120,17055
62892,38.80857,-89.07566,17121
62893,38.46582,-89.03018,17081
62894,38.20954,-89.03964,17081
62895,38.30555,-88.55514,17191
62896,37.89266,-88.91208,17055
62897,38.09389,-88.91182,17055
62898,38.35038,-89.06017,17081
62899,38.61891,-88.64245,17025
62901,37.74082,-89.20898,17077
62902,37.67438,-89.11245,17199
62903,37.67412,-89.27623,17077
62905,37.55771,-89.36736,17181
62906,37.46289,-89.17755,17181
62907,37.86316,-89.49571,17077
62908,37.31023,-88.86490,17127
62910,37.15311,-88.53446,17127
62912,37.47620,-89.03236,17087
62914,37.04012,-89.20432,17003
62915,37.78445,-89.12213,17199
62916,37.94331,-89.57876,17077
62917,37.69342,-88.65163,17165
62918,37.78637,-89.08617,17199
62919,37.52402,-88.13837,17069
62920,37.55358,-89.23211,17181
62921,37.79861,-89.08278,17199
62922,37.62075,-88.81481,17199
62923,37.34214,-89.03540,17087
62924,37.81515,-89.19555,17077
62926,37.36668,-89.13141,17181
62927,37.94354,-89.25199,17077
62928,37.47541,-88.56724,17151
62930,37.84720,-88.44158,17165
62931,37.52369,-88.27506,17069
62932,37.89287,-89.21366,17077
62933,37.77237,-89.01965,17199
62934,37.70724,-88.35863,17059
62935,37.84477,-88.63864,17165
62938,37.38413,-88.54597,17151
62939,37.54620,-88.97671,17087
62940,37.73157,-89.46058,17077
62941,37.24453,-88.97022,17153
62942,37.63578,-89.47357,17077
62943,37.35626,-88.74610,17087
62946,37.70082,-88.52032,17165
62947,37.52869,-88.45399,17151
62948,37.81992,-89.02596,17199
62949,37.82792,-89.14461,17199
62950,37.74645,-89.56071,17077
62951,37.82569,-88.92734,17199
62952,37.41745,-89.34345,17181
62953,37.20922,-88.84703,17127
62954,37.69625,-88.27338,17059
62956,37.27998,-88.93135,17127
62957,37.31250,-89.42613,17003
62958,37.61066,-89.14221,17077
62959,37.71117,-88.91463,17199
62960,37.23352,-88.72401,17127
62961,37.34090,-89.25315,17181
62962,37.07536,-89.33589,17003
62963,37.09456,-89.16992,17153
62964,37.13032,-89.22658,17153
62965,37.76734,-88.51831,17165
62966,37.77116,-89.35332,17077
62967,37.58428,-88.73581,17087
62969,37.13967,-89.33368,17003
62970,37.22146,-89.10858,17153
62972,37.54067,-88.81612,17087
62974,37.77948,-88.79673,17199
62975,37.64059,-89.37122,17077
62976,37.21984,-89.21270,17153
62977,37.85319,-88.54188,17165
62979,37.81148,-88.23363,17059
62982,37.42482,-88.36532,17069
62983,37.89931,-89.10481,17055
62984,37.75400,-88.14625,17059
62985,37.46752,-88.68590,17151
62987,37.61872,-88.66035,17151
62988,37.22615,-89.29471,17003
62990,37.22858,-89.39884,17003
62992,37.27611,-89.14191,17153
62994,37.90629,-89.34738,17077
62995,37.41928,-88.87994,17087
62996,37.17514,-89.15579,17153
62997,37.98357,-89.59054,17145
62998,37.51207,-89.45815,17181
62999,37.86953,-89.05641,17055
